Rank,University,Total,CS:GO,Dota 2,League of Legends,Overwatch,Rainbow 6,Rocket League,Smash,Valorant,TFT,Racing,UFG
1,University of Warwick,2037,299,177,383,255,186,356,17,272,11,8,73
2,Staffordshire University,1365,202,5,103,176,10,119,344,361,4,39,2
3,Loughborough University,1023,31,27,138,64,207,295,25,150,0,86,0
4,University of Southampton,985,383,0,36,90,38,201,60,159,7,0,11
5,Swansea University,955,233,11,205,19,187,67,24,159,0,6,44
6,Durham University,940,143,76,94,65,104,229,60,116,14,39,0
7,University of Birmingham,938,127,7,63,92,124,188,111,166,32,0,28
8,University of Exeter,896,49,0,270,58,112,162,103,126,10,6,0
9,University of The West of England,845,205,60,70,112,0,218,59,97,0,7,17
10,University of Bath,797,96,130,183,18,13,124,89,144,0,0,0
11,University College London,788,131,176,207,9,76,0,1,178,10,0,0
12,University of Portsmouth,744,80,68,0,170,29,282,10,94,0,11,0
13,Nottingham Trent University,739,83,23,102,29,120,266,0,51,0,65,0
14,University of East Anglia,731,88,22,62,69,41,253,0,143,0,11,42
15,Kings College London,718,160,41,209,19,20,0,0,247,0,2,20
16,University of Manchester,706,173,0,208,116,9,60,0,100,8,31,1
17,University of York,701,164,2,66,134,0,200,0,82,0,46,7
18,Lancaster University,701,60,116,257,37,0,26,0,151,13,41,0
19,University of Nottingham,700,94,90,104,31,28,149,0,146,2,10,46
20,Keele University,685,87,0,136,20,116,222,26,76,0,0,2
21,Newcastle University,677,174,0,134,39,110,43,80,93,0,4,0
22,University of Bristol,649,123,139,148,114,18,21,13,61,12,0,0
23,University of Kent,648,47,0,104,19,64,163,67,160,0,24,0
24,University of Leeds,630,91,47,148,54,173,114,0,3,0,0,0
25,Cardiff University,602,139,5,128,50,72,46,0,136,4,22,0
26,University of Lincoln,593,60,17,206,85,56,135,0,28,0,3,3
27,University of Reading,590,18,0,28,104,94,173,20,54,0,52,47
28,University of Sheffield,585,171,114,124,29,26,30,0,86,0,5,0
29,Royal Holloway University of London,579,112,19,105,112,39,25,0,142,0,22,3
30,Coventry University,563,43,0,126,84,53,11,0,109,21,116,0
31,Roehampton University,502,28,0,163,127,0,75,0,88,8,13,0
32,Imperial College London,499,155,63,128,0,31,75,16,23,3,0,5
33,Oxford Brookes University,473,13,0,0,28,107,34,2,202,2,75,10
34,University of Salford,455,0,0,186,0,12,185,60,12,0,0,0
35,University of Sussex,447,61,6,121,6,0,134,0,106,0,10,3
36,Bournemouth University,434,120,0,6,52,0,178,7,71,0,0,0
37,Brunel University,429,90,4,21,0,26,0,93,104,0,59,32
38,University of Essex,407,95,0,26,24,10,205,0,39,0,0,8
39,University of Surrey,386,61,17,142,28,16,68,0,35,0,9,10
40,University of Cambridge,367,102,62,71,65,0,44,1,17,0,5,0
41,Queens University Belfast,353,127,0,0,0,134,56,3,29,4,0,0
42,University of Liverpool,325,4,5,111,4,108,81,0,5,0,0,7
43,Heriot Watt University,314,52,1,32,11,53,47,0,118,0,0,0
44,Aston University,309,76,0,90,2,3,26,0,93,0,0,19
45,University of Abertay Dundee,299,0,1,46,95,43,4,0,110,0,0,0
46,University of Glasgow,284,135,20,29,39,8,26,8,0,0,19,0
47,University of Chichester,269,133,0,14,21,40,0,0,60,0,1,0
48,Liverpool John Moores University,258,36,0,26,0,0,91,0,105,0,0,0
49,University of Leicester,238,0,0,45,6,60,109,2,16,0,0,0
50,University of Hertfordshire,227,0,0,85,0,12,29,0,56,0,39,6
51,Manchester Metropolitan University,223,65,0,10,14,72,6,0,3,7,0,46
52,Birmingham City University,215,15,0,17,31,0,126,0,0,21,1,4
53,FXU (Falmouth & Exeter Student's Union),212,130,0,5,14,0,24,0,38,0,1,0
54,Sheffield Hallam University,209,36,0,16,0,0,55,30,50,0,2,20
55,University of Strathclyde,195,129,3,44,0,0,0,0,0,0,19,0
56,De Montfort University,190,10,0,160,0,2,0,3,6,2,7,0
57,Northumbria University,182,0,12,0,56,17,0,0,70,17,0,10
58,Queen Mary University of London,181,0,0,103,0,0,11,0,50,16,0,1
59,University of Derby,178,3,0,83,26,0,59,0,4,3,0,0
60,University of Edinburgh,176,20,0,0,0,84,29,0,43,0,0,0
61,London South Bank University,170,0,0,0,0,0,0,54,42,0,74,0
62,University of St Andrews,160,0,43,63,6,0,0,0,48,0,0,0
63,Teesside University,150,4,0,0,10,2,75,1,29,0,0,29
64,Bangor University,149,21,0,25,17,16,32,13,22,0,0,3
65,University of Plymouth,147,0,0,49,52,0,3,10,33,0,0,0
66,Aberystwyth University,137,20,0,9,0,17,5,1,83,2,0,0
67,University of Northampton,121,28,0,9,14,0,15,18,35,0,0,2
68,Glasgow Caledonian University,116,33,0,0,33,21,0,0,25,0,0,4
69,University of Westminster,116,7,0,2,10,0,0,20,26,6,0,45
70,Oxford University,110,0,0,30,3,0,10,21,28,11,0,7
71,University Of Gloucestershire,95,92,0,0,0,0,0,3,0,0,0,0
72,City University Of London,89,68,0,0,0,0,0,13,6,0,2,0
73,University of Brighton,88,0,0,30,0,25,12,0,0,0,0,21
74,University of Stirling,74,0,0,2,0,0,0,0,72,0,0,0
75,University of Huddersfield,72,72,0,0,0,0,0,0,0,0,0,0
76,University of the Arts London,69,0,0,69,0,0,0,0,0,0,0,0
77,York St John University,59,0,0,5,16,0,26,12,0,0,0,0
78,Middlesex University,49,0,0,0,0,0,0,0,49,0,0,0
79,Anglia Ruskin University,48,0,0,0,0,29,19,0,0,0,0,0
80,University of Dundee,48,0,0,5,40,0,0,0,0,0,0,3
81,University of Hull,45,0,0,0,13,0,0,0,5,2,0,25
82,Cardiff Metropolitan University,43,0,0,0,0,0,0,0,42,0,0,1
83,Ulster University,43,0,0,0,5,0,0,0,31,0,0,7
84,University Of West London,43,18,0,0,0,3,0,4,18,0,0,0
85,Edge Hill University,41,0,0,6,0,15,9,0,0,0,11,0
86,University of Sunderland,31,0,0,16,0,15,0,0,0,0,0,0
87,University of Bedfordshire,15,0,0,0,2,0,0,1,5,0,0,7
88,Leeds Beckett University,12,0,0,0,4,0,8,0,0,0,0,0
89,Bath Spa University,11,0,0,0,0,0,0,0,11,0,0,0
90,University of Winchester,11,0,0,0,0,0,4,0,0,0,0,7
91,University Of Suffolk,10,0,0,0,0,0,0,0,10,0,0,0
92,Queen Margaret University,8,0,0,8,0,0,0,0,0,0,0,0
93,Leeds Conservatoire,6,4,0,0,1,0,0,1,0,0,0,0
94,Leeds Trinity University,6,0,0,0,0,0,0,0,6,0,0,0
95,School Of Oriental And African Studies,5,0,0,0,0,0,0,0,0,0,0,5
96,University of Greenwich,5,0,0,0,0,0,0,0,0,0,5,0
97,Southampton Solent University,3,0,0,0,0,0,0,0,0,0,3,0
98,Kingston University,1,0,0,0,0,0,0,1,0,0,0,0
